{"cameraMode":{"drawMode":0,"name":"Shaded","section":"Shading Mode"},"sceneLighting":true,"audioPlay":false,"sceneViewState":{"showFog":true,"showMaterialUpdate":true,"showSkybox":true,"showFlares":true,"showImageEffects":true,"showParticleSystems":true},"in2DMode":false,"pivot":{"x":7.437608242034912,"y":1.6988976001739503,"z":6.190535545349121},"rotation":{"x":-0.22036860883235932,"y":0.28810515999794009,"z":-0.06831240653991699,"w":-0.9293969869613648},"size":1.8068914413452149,"orthographic":false}