{"cameraMode":{"drawMode":0,"name":"Shaded","section":"Shading Mode"},"sceneLighting":true,"audioPlay":false,"sceneViewState":{"showFog":true,"showMaterialUpdate":true,"showSkybox":true,"showFlares":true,"showImageEffects":true,"showParticleSystems":true},"in2DMode":false,"pivot":{"x":13.029128074645996,"y":1.6805623769760132,"z":-2.835073232650757},"rotation":{"x":-0.26702016592025759,"y":0.31678804755210879,"z":-0.09343431890010834,"w":-0.905332088470459},"size":10.0,"orthographic":false}